Location,Date,Address,Vaccine,Appointments,Link,Time Accessed
Green Line Apothecary Providence,04/18/2021,"905 North Main St, Providence RI, 02904",Moderna COVID-19 Vaccine,26,https://www.vaccinateri.org/client/registration?clinic_id=1953,18042021_142744
Matt's Local Pharmacy,04/19/2021,"88 E Main Rd, Middletown Ri, 02842",Moderna COVID-19 Vaccine,1,https://www.vaccinateri.org/client/registration?clinic_id=2082,18042021_142744
Seaside Pharmacy,04/19/2021,"Seaside Pharmacy, Westerly RI, 02891",Contact Clinic Site,0,https://www.vaccinateri.org/client/registration?clinic_id=2217,18042021_142744
Sockanosset POD,04/20/2021,"100 Sockanosset Cross Road, Cranston RI , 02920",Pfizer-BioNTech COVID-19 Vaccine,2960,https://www.vaccinateri.org/client/registration?clinic_id=1653,18042021_142744
Dunkin Donuts Center POD,04/20/2021,"1 La Salle Square, Providence Rhode Island, 02903",Pfizer-BioNTech COVID-19 Vaccine,2760,https://www.vaccinateri.org/client/registration?clinic_id=1890,18042021_142744
Seaside Pharmacy,04/20/2021,"224 Post Road, Westerly RI, 02891",Moderna COVID-19 Vaccine,0,https://www.vaccinateri.org[],18042021_142744
Anthony's Pharmacy,04/20/2021,"219 Manton Ave, Providence RI, 02909",Pfizer-BioNTech COVID-19 Vaccine,0,https://www.vaccinateri.org[],18042021_142744
Middletown POD,04/20/2021,"1400 West Main Road, Middletown RI, 02842",Pfizer-BioNTech COVID-19 Vaccine,290,https://www.vaccinateri.org/client/registration?clinic_id=2219,18042021_142744
AJ Pharmacy,04/20/2021,"1017 Smith St, Providence RI, 02908",Pfizer-BioNTech COVID-19 Vaccine,1,https://www.vaccinateri.org/client/registration?clinic_id=2233,18042021_142744
Matt's Local Pharmacy,04/20/2021,"88 E Main Rd, Middletown Ri, 02842",Moderna COVID-19 Vaccine,89,https://www.vaccinateri.org/client/registration?clinic_id=2280,18042021_142744
Middletown POD,04/21/2021,"1400 West Main Road, Middletown RI, 02842",Pfizer-BioNTech COVID-19 Vaccine,813,https://www.vaccinateri.org/client/registration?clinic_id=1663,18042021_142744
Dunkin Donuts Center POD,04/21/2021,"1 La Salle Square, Providence Rhode Island, 02903",Pfizer-BioNTech COVID-19 Vaccine,2397,https://www.vaccinateri.org/client/registration?clinic_id=1677,18042021_142744
Johnston Recreation Center POD,04/21/2021,"1741 Atwood Avenue, Johnston Rhode Island, 02919",Pfizer-BioNTech COVID-19 Vaccine,429,https://www.vaccinateri.org/client/registration?clinic_id=2049,18042021_142744
Seaside Pharmacy,04/21/2021,"224 Post Road, Westerly RI, 02891",Moderna COVID-19 Vaccine,0,https://www.vaccinateri.org[],18042021_142744
Green Line Apothecary Wakefield,04/21/2021,"203 Main St, Wakefield RI, 02879",Moderna COVID-19 Vaccine,0,https://www.vaccinateri.org[],18042021_142744
Suburban Pharmacy,04/21/2021,"242 Pawtuxet Ave, Warwick RI, 02888",Moderna COVID-19 Vaccine,0,https://www.vaccinateri.org[],18042021_142744
Sockanosset POD,04/22/2021,"100 Sockanosset Cross Road, Cranston RI , 02920",Pfizer-BioNTech COVID-19 Vaccine,437,https://www.vaccinateri.org/client/registration?clinic_id=1532,18042021_142744
Dunkin Donuts Center POD,04/22/2021,"1 La Salle Square, Providence Rhode Island, 02903",Pfizer-BioNTech COVID-19 Vaccine,3179,https://www.vaccinateri.org/client/registration?clinic_id=1891,18042021_142744
Johnston Recreation Center POD,04/22/2021,"1741 Atwood Avenue, Johnston Rhode Island, 02919",Pfizer-BioNTech COVID-19 Vaccine,942,https://www.vaccinateri.org/client/registration?clinic_id=2208,18042021_142744
East Providence POD,04/22/2021,"585 Taunton Avenue, East Providence Rhode Island, 02914",Pfizer-BioNTech COVID-19 Vaccine,460,https://www.vaccinateri.org/client/registration?clinic_id=2210,18042021_142744
East Providence POD,04/23/2021,"585 Taunton Avenue, East Providence Rhode Island, 02914",Pfizer-BioNTech COVID-19 Vaccine,325,https://www.vaccinateri.org/client/registration?clinic_id=2055,18042021_142744
