Location,Date,Address,Vaccine,Appointments,Link,Time Accessed
Seaside Pharmacy,04/14/2021,"224 Post Road, Westerly RI, 02891",Moderna COVID-19 Vaccine,0,https://www.vaccinateri.org[],14042021_115759
AJ Pharmacy,04/14/2021,"1017 Smith St, Providence RI, 02908",Pfizer-BioNTech COVID-19 Vaccine,0,https://www.vaccinateri.org[],14042021_115759
Green Line Apothecary Wakefield,04/14/2021,"203 Main St, Wakefield RI, 02879",Moderna COVID-19 Vaccine,0,https://www.vaccinateri.org[],14042021_115759
McQuades Marketplace Pharmacy,04/14/2021,"106 Main St, Westerly RI, 02891",Moderna COVID-19 Vaccine,0,https://www.vaccinateri.org[],14042021_115759
Middletown POD,04/15/2021,"1400 West Main Road, Middletown RI, 02842",Pfizer-BioNTech COVID-19 Vaccine,0,https://www.vaccinateri.org[],14042021_115759
JB Pharmacy,04/15/2021,"1165 Main Ave, Warwick RI, 02886",Moderna COVID-19 Vaccine,0,https://www.vaccinateri.org[],14042021_115759
Seaside Pharmacy,04/15/2021,"224 Post Road, Westerly RI, 02891",Moderna COVID-19 Vaccine,0,https://www.vaccinateri.org[],14042021_115759
Sockanosset POD,04/15/2021,"100 Sockanosset Cross Road, Cranston RI , 02920",Pfizer-BioNTech COVID-19 Vaccine,0,https://www.vaccinateri.org[],14042021_115759
Dunkin Donuts Center POD,04/15/2021,"1 La Salle Square, Providence Rhode Island, 02903",Moderna COVID-19 Vaccine,0,https://www.vaccinateri.org[],14042021_115759
AJ Pharmacy,04/15/2021,"1017 Smith St, Providence RI, 02908",Pfizer-BioNTech COVID-19 Vaccine,0,https://www.vaccinateri.org[],14042021_115759
Matt's Local Pharmacy,04/15/2021,"88 E Main Rd, Middletown Rhode Island, 02842",Moderna COVID-19 Vaccine,0,https://www.vaccinateri.org[],14042021_115759
Green Line Apothecary Providence,04/15/2021,"905 North Main St, Providence RI, 02904",Moderna COVID-19 Vaccine,0,https://www.vaccinateri.org[],14042021_115759
Middletown POD,04/16/2021,"1400 West Main Road, Middletown RI, 02842",Pfizer-BioNTech COVID-19 Vaccine,0,https://www.vaccinateri.org[],14042021_115759
East Providence Senior Center POD,04/16/2021,"610 Waterman Ave, East Providence Rhode Island, 02914",Pfizer-BioNTech COVID-19 Vaccine,0,https://www.vaccinateri.org[],14042021_115759
Seaside Pharmacy,04/16/2021,"224 Post Road, Westerly RI, 02891",Moderna COVID-19 Vaccine,0,https://www.vaccinateri.org[],14042021_115759
Sockanosset POD,04/16/2021,"100 Sockanosset Cross Road, Cranston RI , 02920",Pfizer-BioNTech COVID-19 Vaccine,0,https://www.vaccinateri.org[],14042021_115759
Dunkin Donuts Center POD,04/16/2021,"1 La Salle Square, Providence Rhode Island, 02903",Moderna COVID-19 Vaccine,0,https://www.vaccinateri.org[],14042021_115759
Matt's Local Pharmacy,04/16/2021,"88 E Main Rd, Middletown Rhode Island, 02842",Moderna COVID-19 Vaccine,60,https://www.vaccinateri.org[],14042021_115759
Green Line Apothecary Providence,04/16/2021,"905 North Main St, Providence RI, 02904",Moderna COVID-19 Vaccine,0,https://www.vaccinateri.org[],14042021_115759
Seaside Pharmacy,04/17/2021,"224 Post Road, Westerly RI, 02891",Moderna COVID-19 Vaccine,0,https://www.vaccinateri.org[],14042021_115759
AJ Pharmacy,04/17/2021,"1017 Smith St, Providence RI, 02908",Pfizer-BioNTech COVID-19 Vaccine,0,https://www.vaccinateri.org[],14042021_115759
Woonsocket POD,04/17/2021,"1500 Diamond Hill Road, Woonsocket Rhode Island, 02895",Moderna COVID-19 Vaccine,479,https://www.vaccinateri.org/client/registration?clinic_id=2072,14042021_115759
South County POD,04/18/2021,"132 Fairgrounds Road, West Kingston Rhode Island, 02892",Moderna COVID-19 Vaccine,509,https://www.vaccinateri.org/client/registration?clinic_id=1950,14042021_115759
AJ Pharmacy,04/18/2021,"1017 Smith St, Providence RI, 02908",Pfizer-BioNTech COVID-19 Vaccine,0,https://www.vaccinateri.org[],14042021_115759
Suburban Pharmacy,04/18/2021,"242 Pawtuxet Ave, Warwick RI, 02888",Moderna COVID-19 Vaccine,0,https://www.vaccinateri.org[],14042021_115759
Green Line Apothecary Wakefield,04/19/2021,"203 Main St, Wakefield RI, 02879",Moderna COVID-19 Vaccine,0,https://www.vaccinateri.org[],14042021_115759
Westerly Senior Citizens Center POD,04/19/2021,"39 State Street, Westerly Rhode Island, 02891",Pfizer-BioNTech COVID-19 Vaccine,1,https://www.vaccinateri.org/client/registration?clinic_id=2046,14042021_115759
Green Line Apothecary Wakefield,04/20/2021,"203 Main St, Wakefield RI, 02879",Moderna COVID-19 Vaccine,0,https://www.vaccinateri.org[],14042021_115759
Johnston Recreation Center POD,04/20/2021,"1741 Atwood Avenue, Johnston Rhode Island, 02919",Moderna COVID-19 Vaccine,0,https://www.vaccinateri.org[],14042021_115759
