Location,Date,Address,Vaccine,Appointments,Link,Time Accessed
Johnston Recreation Center POD,04/13/2021,"1741 Atwood Avenue, Johnston Rhode Island, 02919",Pfizer-BioNTech COVID-19 Vaccine,0,https://www.vaccinateri.org[],13042021_100854
Seaside Pharmacy,04/13/2021,"224 Post Road, Westerly RI, 02891",Moderna COVID-19 Vaccine,0,https://www.vaccinateri.org[],13042021_100854
Seaside Pharmacy,04/13/2021,"224 Post Road, Westerly RI, 02891",Moderna COVID-19 Vaccine,0,https://www.vaccinateri.org[],13042021_100854
AJ Pharmacy,04/13/2021,"1017 Smith St, Providence RI, 02908",Janssen COVID-19 Vaccine,0,https://www.vaccinateri.org[],13042021_100854
Green Line Apothecary Providence,04/13/2021,"905 North Main St, Providence RI, 02904",Moderna COVID-19 Vaccine,0,https://www.vaccinateri.org[],13042021_100854
Landmark Medical Center,04/13/2021,"115 Cass Ave, Woonsocket RI, 02895",Moderna COVID-19 Vaccine,0,https://www.vaccinateri.org[],13042021_100854
Middletown POD,04/14/2021,"1400 West Main Road, Middletown RI, 02842",Pfizer-BioNTech COVID-19 Vaccine,0,https://www.vaccinateri.org[],13042021_100854
Westerly Senior Citizens Center POD,04/14/2021,"39 State Street, Westerly Rhode Island, 02891",Pfizer-BioNTech COVID-19 Vaccine,0,https://www.vaccinateri.org[],13042021_100854
East Providence Senior Center POD,04/14/2021,"610 Waterman Ave, East Providence Rhode Island, 02914",Pfizer-BioNTech COVID-19 Vaccine,0,https://www.vaccinateri.org[],13042021_100854
Johnston Recreation Center POD,04/14/2021,"1741 Atwood Avenue, Johnston Rhode Island, 02919",Pfizer-BioNTech COVID-19 Vaccine,1,https://www.vaccinateri.org/client/registration?clinic_id=1643,13042021_100854
Sockanosset POD,04/14/2021,"100 Sockanosset Cross Road, Cranston RI , 02920",Pfizer-BioNTech COVID-19 Vaccine,0,https://www.vaccinateri.org[],13042021_100854
Seaside Pharmacy,04/14/2021,"224 Post Road, Westerly RI, 02891",Moderna COVID-19 Vaccine,0,https://www.vaccinateri.org[],13042021_100854
Sockanosset POD,04/14/2021,"100 Sockanosset Cross Road, Cranston RI , 02920",Moderna COVID-19 Vaccine,0,https://www.vaccinateri.org[],13042021_100854
Dunkin Donuts Center POD,04/14/2021,"1 La Salle Square, Providence Rhode Island, 02903",Moderna COVID-19 Vaccine,6,https://www.vaccinateri.org/client/registration?clinic_id=1945,13042021_100854
AJ Pharmacy,04/14/2021,"1017 Smith St, Providence RI, 02908",Janssen COVID-19 Vaccine,0,https://www.vaccinateri.org[],13042021_100854
Matt's Local Pharmacy,04/14/2021,"88 E Main Rd, Middletown Rhode Island, 02842",Moderna COVID-19 Vaccine,3,https://www.vaccinateri.org[],13042021_100854
Suburban Pharmacy,04/14/2021,"242 Pawtuxet Ave, Warwick RI, 02888",Janssen COVID-19 Vaccine,1,https://www.vaccinateri.org/client/registration?clinic_id=1976,13042021_100854
Green Line Apothecary Wakefield,04/14/2021,"203 Main St, Wakefield RI, 02879",Moderna COVID-19 Vaccine,0,https://www.vaccinateri.org[],13042021_100854
Green Line Apothecary Providence,04/14/2021,"905 North Main St, Providence RI, 02904",Moderna COVID-19 Vaccine,0,https://www.vaccinateri.org[],13042021_100854
McQuades Marketplace Pharmacy,04/14/2021,"106 Main St, Westerly RI, 02891",Moderna COVID-19 Vaccine,0,https://www.vaccinateri.org[],13042021_100854
Anthony's Pharmacy,04/14/2021,"219 Manton Ave, Providence RI, 02909",Janssen COVID-19 Vaccine,0,https://www.vaccinateri.org[],13042021_100854
Middletown POD,04/15/2021,"1400 West Main Road, Middletown RI, 02842",Pfizer-BioNTech COVID-19 Vaccine,0,https://www.vaccinateri.org[],13042021_100854
Sockanosset POD,04/15/2021,"100 Sockanosset Cross Road, Cranston RI , 02920",Pfizer-BioNTech COVID-19 Vaccine,0,https://www.vaccinateri.org[],13042021_100854
Sockanosset POD,04/15/2021,"100 Sockanosset Cross Road, Cranston RI , 02920",Moderna COVID-19 Vaccine,0,https://www.vaccinateri.org[],13042021_100854
Dunkin Donuts Center POD,04/15/2021,"1 La Salle Square, Providence Rhode Island, 02903",Moderna COVID-19 Vaccine,332,https://www.vaccinateri.org/client/registration?clinic_id=1947,13042021_100854
Middletown POD,04/16/2021,"1400 West Main Road, Middletown RI, 02842",Pfizer-BioNTech COVID-19 Vaccine,0,https://www.vaccinateri.org[],13042021_100854
East Providence Senior Center POD,04/16/2021,"610 Waterman Ave, East Providence Rhode Island, 02914",Pfizer-BioNTech COVID-19 Vaccine,0,https://www.vaccinateri.org[],13042021_100854
Sockanosset POD,04/16/2021,"100 Sockanosset Cross Road, Cranston RI , 02920",Pfizer-BioNTech COVID-19 Vaccine,0,https://www.vaccinateri.org[],13042021_100854
Dunkin Donuts Center POD,04/16/2021,"1 La Salle Square, Providence Rhode Island, 02903",Moderna COVID-19 Vaccine,708,https://www.vaccinateri.org/client/registration?clinic_id=1948,13042021_100854
Sockanosset POD,04/17/2021,"100 Sockanosset Cross Road, Cranston RI , 02920",Moderna COVID-19 Vaccine,21,https://www.vaccinateri.org/client/registration?clinic_id=1942,13042021_100854
Woonsocket POD,04/17/2021,"1500 Diamond Hill Road, Woonsocket Rhode Island, 02895",Moderna COVID-19 Vaccine,1233,https://www.vaccinateri.org/client/registration?clinic_id=2072,13042021_100854
Middletown POD,04/18/2021,"1400 West Main Road, Middletown RI, 02842",Pfizer-BioNTech COVID-19 Vaccine,0,https://www.vaccinateri.org[],13042021_100854
South County POD,04/18/2021,"132 Fairgrounds Road, West Kingston Rhode Island, 02892",Moderna COVID-19 Vaccine,1122,https://www.vaccinateri.org/client/registration?clinic_id=1950,13042021_100854
Westerly Senior Citizens Center POD,04/19/2021,"39 State Street, Westerly Rhode Island, 02891",Pfizer-BioNTech COVID-19 Vaccine,164,https://www.vaccinateri.org/client/registration?clinic_id=2046,13042021_100854
Johnston Recreation Center POD,04/20/2021,"1741 Atwood Avenue, Johnston Rhode Island, 02919",Moderna COVID-19 Vaccine,240,https://www.vaccinateri.org/client/registration?clinic_id=2048,13042021_100854
East Providence POD,04/21/2021,"585 Taunton Avenue, East Providence Rhode Island, 02914",Pfizer-BioNTech COVID-19 Vaccine,8,https://www.vaccinateri.org/client/registration?clinic_id=2053,13042021_100854
