Location,Date,Address,Vaccine,Appointments,Link,Time Accessed
Green Line Apothecary Providence,04/17/2021,"905 North Main St, Providence RI, 02904",Moderna COVID-19 Vaccine,15,https://www.vaccinateri.org/client/registration?clinic_id=1952,17042021_165437
Providence Career and Technical Academy,04/17/2021,"41 Fricker St, Providence RI, 02903",Moderna COVID-19 Vaccine,810,https://www.vaccinateri.org/client/registration?clinic_id=2003,17042021_165437
Matt's Local Pharmacy,04/18/2021,"88 E Main Rd, Middletown Ri, 02842",Moderna COVID-19 Vaccine,0,https://www.vaccinateri.org[],17042021_165437
Sockanosset POD,04/20/2021,"100 Sockanosset Cross Road, Cranston RI , 02920",Pfizer-BioNTech COVID-19 Vaccine,3550,https://www.vaccinateri.org/client/registration?clinic_id=1653,17042021_165437
Seaside Pharmacy,04/20/2021,"224 Post Road, Westerly RI, 02891",Moderna COVID-19 Vaccine,0,https://www.vaccinateri.org[],17042021_165437
Seaside Pharmacy,04/20/2021,"224 Post Road, Westerly RI, 02891",Moderna COVID-19 Vaccine,0,https://www.vaccinateri.org[],17042021_165437
Anthony's Pharmacy,04/20/2021,"219 Manton Ave, Providence RI, 02909",Pfizer-BioNTech COVID-19 Vaccine,0,https://www.vaccinateri.org[],17042021_165437
Green Line Apothecary Providence,04/20/2021,"905 North Main St, Providence RI, 02904",Moderna COVID-19 Vaccine,0,https://www.vaccinateri.org[],17042021_165437
Middletown POD,04/20/2021,"1400 West Main Road, Middletown RI, 02842",Pfizer-BioNTech COVID-19 Vaccine,430,https://www.vaccinateri.org/client/registration?clinic_id=2219,17042021_165437
Sockanosset POD,04/21/2021,"100 Sockanosset Cross Road, Cranston RI , 02920",Pfizer-BioNTech COVID-19 Vaccine,4266,https://www.vaccinateri.org/client/registration?clinic_id=1660,17042021_165437
Dunkin Donuts Center POD,04/21/2021,"1 La Salle Square, Providence Rhode Island, 02903",Pfizer-BioNTech COVID-19 Vaccine,2430,https://www.vaccinateri.org/client/registration?clinic_id=1677,17042021_165437
Johnston Recreation Center POD,04/21/2021,"1741 Atwood Avenue, Johnston Rhode Island, 02919",Pfizer-BioNTech COVID-19 Vaccine,456,https://www.vaccinateri.org/client/registration?clinic_id=2049,17042021_165437
East Providence POD,04/21/2021,"585 Taunton Avenue, East Providence Rhode Island, 02914",Pfizer-BioNTech COVID-19 Vaccine,2,https://www.vaccinateri.org/client/registration?clinic_id=2053,17042021_165437
Seaside Pharmacy,04/21/2021,"224 Post Road, Westerly RI, 02891",Moderna COVID-19 Vaccine,0,https://www.vaccinateri.org[],17042021_165437
Green Line Apothecary Wakefield,04/21/2021,"203 Main St, Wakefield RI, 02879",Moderna COVID-19 Vaccine,0,https://www.vaccinateri.org[],17042021_165437
Suburban Pharmacy,04/21/2021,"242 Pawtuxet Ave, Warwick RI, 02888",Moderna COVID-19 Vaccine,24,https://www.vaccinateri.org/client/registration?clinic_id=2228,17042021_165437
Sockanosset POD,04/22/2021,"100 Sockanosset Cross Road, Cranston RI , 02920",Pfizer-BioNTech COVID-19 Vaccine,469,https://www.vaccinateri.org/client/registration?clinic_id=1532,17042021_165437
Middletown POD,04/22/2021,"1400 West Main Road, Middletown RI, 02842",Pfizer-BioNTech COVID-19 Vaccine,949,https://www.vaccinateri.org/client/registration?clinic_id=1695,17042021_165437
Dunkin Donuts Center POD,04/22/2021,"1 La Salle Square, Providence Rhode Island, 02903",Pfizer-BioNTech COVID-19 Vaccine,3194,https://www.vaccinateri.org/client/registration?clinic_id=1891,17042021_165437
Johnston Recreation Center POD,04/22/2021,"1741 Atwood Avenue, Johnston Rhode Island, 02919",Pfizer-BioNTech COVID-19 Vaccine,948,https://www.vaccinateri.org/client/registration?clinic_id=2208,17042021_165437
East Providence POD,04/22/2021,"585 Taunton Avenue, East Providence Rhode Island, 02914",Pfizer-BioNTech COVID-19 Vaccine,478,https://www.vaccinateri.org/client/registration?clinic_id=2210,17042021_165437
East Providence POD,04/23/2021,"585 Taunton Avenue, East Providence Rhode Island, 02914",Pfizer-BioNTech COVID-19 Vaccine,401,https://www.vaccinateri.org/client/registration?clinic_id=2055,17042021_165437
