Location,Date,Address,Vaccine,Appointments,Link,Time Accessed
Middletown POD,04/16/2021,"1400 West Main Road, Middletown RI, 02842",Pfizer-BioNTech COVID-19 Vaccine,1,https://www.vaccinateri.org/client/registration?clinic_id=1306,15042021_195854
East Providence Senior Center POD,04/16/2021,"610 Waterman Ave, East Providence Rhode Island, 02914",Pfizer-BioNTech COVID-19 Vaccine,0,https://www.vaccinateri.org[],15042021_195854
Green Line Apothecary Wakefield,04/16/2021,"203 Main St, Wakefield RI, 02879",Moderna COVID-19 Vaccine,1,https://www.vaccinateri.org/client/registration?clinic_id=1927,15042021_195854
Sockanosset POD,04/16/2021,"100 Sockanosset Cross Road, Cranston RI , 02920",Pfizer-BioNTech COVID-19 Vaccine,1,https://www.vaccinateri.org/client/registration?clinic_id=1937,15042021_195854
Sockanosset POD,04/16/2021,"100 Sockanosset Cross Road, Cranston RI , 02920",Moderna COVID-19 Vaccine,12,https://www.vaccinateri.org/client/registration?clinic_id=1941,15042021_195854
Dunkin Donuts Center POD,04/16/2021,"1 La Salle Square, Providence Rhode Island, 02903",Moderna COVID-19 Vaccine,1,https://www.vaccinateri.org/client/registration?clinic_id=1948,15042021_195854
Green Line Apothecary Providence,04/16/2021,"905 North Main St, Providence RI, 02904",Moderna COVID-19 Vaccine,0,https://www.vaccinateri.org[],15042021_195854
Sockanosset POD,04/17/2021,"100 Sockanosset Cross Road, Cranston RI , 02920",Pfizer-BioNTech COVID-19 Vaccine,0,https://www.vaccinateri.org/client/registration?clinic_id=1886,15042021_195854
Seaside Pharmacy,04/17/2021,"224 Post Road, Westerly RI, 02891",Moderna COVID-19 Vaccine,0,https://www.vaccinateri.org[],15042021_195854
Sockanosset POD,04/17/2021,"100 Sockanosset Cross Road, Cranston RI , 02920",Moderna COVID-19 Vaccine,478,https://www.vaccinateri.org/client/registration?clinic_id=1942,15042021_195854
Woonsocket POD,04/17/2021,"1500 Diamond Hill Road, Woonsocket Rhode Island, 02895",Moderna COVID-19 Vaccine,11,https://www.vaccinateri.org/client/registration?clinic_id=2072,15042021_195854
Middletown POD,04/18/2021,"1400 West Main Road, Middletown RI, 02842",Pfizer-BioNTech COVID-19 Vaccine,0,https://www.vaccinateri.org[],15042021_195854
South County POD,04/18/2021,"132 Fairgrounds Road, West Kingston Rhode Island, 02892",Moderna COVID-19 Vaccine,19,https://www.vaccinateri.org/client/registration?clinic_id=1950,15042021_195854
AJ Pharmacy,04/18/2021,"1017 Smith St, Providence RI, 02908",Pfizer-BioNTech COVID-19 Vaccine,0,https://www.vaccinateri.org[],15042021_195854
Suburban Pharmacy,04/18/2021,"242 Pawtuxet Ave, Warwick RI, 02888",Moderna COVID-19 Vaccine,0,https://www.vaccinateri.org[],15042021_195854
Green Line Apothecary Wakefield,04/19/2021,"203 Main St, Wakefield RI, 02879",Moderna COVID-19 Vaccine,0,https://www.vaccinateri.org[],15042021_195854
Westerly Senior Citizens Center POD,04/19/2021,"39 State Street, Westerly Rhode Island, 02891",Pfizer-BioNTech COVID-19 Vaccine,0,https://www.vaccinateri.org[],15042021_195854
Green Line Apothecary Wakefield,04/20/2021,"203 Main St, Wakefield RI, 02879",Moderna COVID-19 Vaccine,0,https://www.vaccinateri.org[],15042021_195854
Johnston Recreation Center POD,04/20/2021,"1741 Atwood Avenue, Johnston Rhode Island, 02919",Moderna COVID-19 Vaccine,0,https://www.vaccinateri.org[],15042021_195854
East Providence POD,04/21/2021,"585 Taunton Avenue, East Providence Rhode Island, 02914",Pfizer-BioNTech COVID-19 Vaccine,0,https://www.vaccinateri.org[],15042021_195854
